Date,Price,Open,High,Low,Vol.,Change%,PriceBIST
01/02/2017,4.970,4.970,5.000,4.950,24.25M,-0.80%,78138.66
01/03/2017,4.880,4.980,4.990,4.880,55.63M,-1.81%,77754.46
01/04/2017,4.820,4.900,4.910,4.820,30.17M,-1.23%,76618.20
01/05/2017,4.960,4.850,4.980,4.790,85.51M,2.90%,76143.59
01/06/2017,4.940,4.940,5.000,4.910,44.00M,-0.40%,76386.30
01/09/2017,4.880,4.910,4.910,4.850,38.01M,-1.21%,77106.57
01/10/2017,4.830,4.880,4.890,4.820,47.29M,-1.02%,77394.44
01/11/2017,4.820,4.810,4.850,4.760,60.30M,-0.21%,77393.69
01/12/2017,4.970,4.840,5.020,4.830,106.37M,3.11%,77666.58
01/13/2017,5.010,4.970,5.110,4.950,129.88M,0.80%,80891.04
01/16/2017,5.100,5.030,5.150,5.030,82.51M,1.80%,81524.32
01/17/2017,5.170,5.140,5.180,5.070,101.49M,1.37%,81711.69
01/18/2017,5.220,5.210,5.250,5.180,81.28M,0.97%,82362.77
01/19/2017,5.150,5.230,5.250,5.130,60.38M,-1.34%,82779.25
01/20/2017,5.190,5.160,5.200,5.120,57.94M,0.78%,82300.32
01/23/2017,5.200,5.210,5.240,5.170,44.55M,0.19%,83067.15
01/24/2017,5.500,5.210,5.500,5.180,157.58M,5.77%,83047.80
01/25/2017,5.360,5.520,5.570,5.360,97.11M,-2.55%,84207.89
01/26/2017,5.470,5.380,5.530,5.360,85.22M,2.05%,83128.26
01/27/2017,5.350,5.450,5.490,5.350,69.45M,-2.19%,83826.54
01/30/2017,5.600,5.370,5.640,5.370,141.46M,4.67%,83827.39
01/31/2017,5.540,5.610,5.670,5.520,128.21M,-1.07%,86237.54
02/01/2017,5.650,5.560,5.660,5.510,85.06M,1.99%,86295.72
02/02/2017,5.680,5.670,5.740,5.650,118.43M,0.53%,86847.96
02/03/2017,5.680,5.670,5.710,5.630,66.70M,0.00%,87394.19
02/06/2017,5.600,5.740,5.780,5.600,94.50M,-1.41%,88389.50
02/07/2017,5.560,5.600,5.610,5.520,66.71M,-0.71%,87357.86
02/08/2017,5.750,5.580,5.760,5.570,109.73M,3.42%,87476.73
02/09/2017,5.750,5.770,5.820,5.700,97.09M,0.00%,88249.08
02/10/2017,5.580,5.770,5.790,5.580,67.24M,-2.96%,88830.21
02/13/2017,5.720,5.630,5.750,5.610,67.62M,2.51%,87473.33
02/14/2017,5.740,5.750,5.780,5.690,90.52M,0.35%,88578.31
02/15/2017,5.640,5.690,5.700,5.580,90.68M,-1.74%,88082.21
02/16/2017,5.680,5.660,5.730,5.650,55.17M,0.71%,87881.97
02/17/2017,5.710,5.690,5.720,5.670,45.64M,0.53%,88186.86
02/20/2017,5.720,5.740,5.790,5.710,55.79M,0.18%,88830.41
02/21/2017,5.720,5.730,5.760,5.720,26.44M,0.00%,88587.66
02/22/2017,5.710,5.740,5.800,5.690,60.44M,-0.17%,88965.14
02/23/2017,5.740,5.730,5.780,5.710,52.38M,0.53%,88531.28
02/24/2017,5.650,5.760,5.790,5.630,86.49M,-1.57%,89138.37
02/27/2017,5.540,5.670,5.670,5.530,44.46M,-1.95%,88258.45
02/28/2017,5.460,5.550,5.560,5.410,62.00M,-1.44%,87765.41
03/01/2017,5.680,5.460,5.690,5.450,89.43M,4.03%,87478.33
03/02/2017,5.710,5.700,5.760,5.660,69.33M,0.53%,89320.25
03/03/2017,5.700,5.710,5.750,5.670,57.78M,-0.18%,89933.88
03/06/2017,5.700,5.730,5.760,5.680,57.17M,0.00%,89722.05
03/07/2017,5.660,5.730,5.730,5.650,49.40M,-0.70%,91044.99
03/08/2017,5.570,5.680,5.690,5.540,45.89M,-1.59%,90813.61
03/09/2017,5.510,5.570,5.600,5.510,35.15M,-1.08%,89484.90
03/10/2017,5.610,5.540,5.630,5.530,43.48M,1.81%,89002.56
03/13/2017,5.650,5.660,5.690,5.610,67.30M,0.71%,89611.40
03/14/2017,5.810,5.670,5.820,5.610,120.88M,2.83%,89429.73
03/15/2017,5.860,5.840,5.980,5.800,124.46M,0.86%,89136.53
03/16/2017,5.920,5.920,5.990,5.890,88.36M,1.02%,89445.55
03/17/2017,5.890,5.950,5.970,5.840,59.40M,-0.51%,90268.32
03/20/2017,5.910,5.870,5.940,5.860,50.87M,0.34%,90491.39
03/21/2017,5.740,5.930,5.930,5.730,102.28M,-2.88%,90902.11
03/22/2017,5.500,5.660,5.660,5.480,139.78M,-4.18%,90606.46
03/23/2017,5.490,5.520,5.560,5.430,110.08M,-0.18%,89809.09
03/24/2017,5.530,5.540,5.570,5.490,94.09M,0.73%,89764.11
03/27/2017,5.540,5.520,5.600,5.510,75.35M,0.18%,90382.71
03/28/2017,5.550,5.560,5.620,5.540,92.48M,0.18%,89695.05
03/29/2017,5.460,5.480,5.520,5.460,55.66M,-1.62%,90181.73
03/30/2017,5.470,5.500,5.510,5.460,31.21M,0.18%,89269.72
03/31/2017,5.470,5.480,5.530,5.450,41.68M,0.00%,89282.25
04/03/2017,5.400,5.480,5.490,5.400,37.95M,-1.28%,88947.40
04/04/2017,5.500,5.400,5.520,5.380,57.24M,1.85%,88669.47
04/05/2017,5.480,5.500,5.520,5.460,26.78M,-0.36%,88612.55
04/06/2017,5.450,5.460,5.490,5.440,36.00M,-0.55%,89037.45
04/07/2017,5.430,5.440,5.470,5.420,33.13M,-0.37%,88679.04
04/10/2017,5.590,5.460,5.650,5.450,96.42M,2.95%,88497.33
04/11/2017,5.550,5.600,5.630,5.550,76.80M,-0.72%,91240.45
04/12/2017,5.560,5.580,5.610,5.560,35.56M,0.18%,90904.49
04/13/2017,5.450,5.580,5.600,5.450,60.71M,-1.98%,90952.16
04/14/2017,5.480,5.450,5.510,5.420,44.82M,0.55%,89870.68
04/17/2017,5.530,5.540,5.600,5.500,51.76M,0.91%,90063.69
04/18/2017,5.550,5.520,5.570,5.520,45.03M,0.36%,90653.80
04/19/2017,5.510,5.570,5.610,5.480,76.71M,-0.72%,91373.78
04/20/2017,5.590,5.550,5.600,5.550,56.58M,1.45%,90804.13
04/21/2017,5.670,5.630,5.680,5.590,83.13M,1.43%,92039.38
04/24/2017,5.920,5.720,5.950,5.720,148.25M,4.41%,92423.93
04/25/2017,5.920,5.940,5.950,5.820,78.49M,0.00%,93802.81
04/26/2017,6.100,5.930,6.180,5.900,157.05M,3.04%,94634.91
04/27/2017,6.060,6.120,6.220,6.060,109.43M,-0.66%,94522.34
04/28/2017,6.060,6.080,6.140,6.000,81.38M,0.00%,94282.48
05/02/2017,6.070,6.100,6.140,6.060,58.30M,0.17%,94655.31
05/03/2017,6.110,6.080,6.160,6.070,70.33M,0.66%,94355.91
05/04/2017,6.140,6.120,6.190,6.110,59.63M,0.49%,93862.74
05/05/2017,6.130,6.150,6.190,6.120,48.23M,-0.16%,93038.49
05/08/2017,6.430,6.150,6.470,6.140,187.27M,4.89%,93928.39
05/09/2017,6.440,6.450,6.500,6.390,92.64M,0.16%,93832.70
05/10/2017,6.650,6.410,6.760,6.390,94.29M,3.26%,95323.38
05/11/2017,6.500,6.690,6.730,6.470,106.26M,-2.26%,96194.20
05/12/2017,6.500,6.510,6.620,6.480,58.12M,0.00%,95114.06
05/15/2017,6.660,6.610,6.670,6.570,63.04M,2.46%,94996.35
05/16/2017,6.720,6.680,6.780,6.660,85.96M,0.90%,95587.75
05/17/2017,6.770,6.700,6.900,6.660,143.97M,0.74%,96161.50
05/18/2017,6.690,6.730,6.790,6.640,67.61M,-1.18%,95724.95
05/22/2017,6.850,6.770,6.920,6.770,71.46M,2.39%,95147.34
05/23/2017,7.080,6.850,7.090,6.830,97.20M,3.36%,96400.03
05/24/2017,7.140,7.110,7.270,7.110,107.13M,0.85%,97717.48
05/25/2017,7.290,7.160,7.340,7.140,86.21M,2.10%,98313.77
05/26/2017,7.280,7.310,7.320,7.230,54.35M,-0.14%,97712.94
05/29/2017,7.310,7.300,7.360,7.270,40.51M,0.41%,97533.28
05/30/2017,7.240,7.320,7.330,7.180,69.72M,-0.96%,97725.95
05/31/2017,7.240,7.290,7.340,7.210,54.05M,0.00%,97347.63
06/01/2017,7.150,7.260,7.270,7.090,55.99M,-1.24%,97541.58
06/02/2017,7.270,7.230,7.310,7.150,79.80M,1.68%,97365.79
06/05/2017,7.420,7.310,7.480,7.220,137.86M,2.06%,98867.90
06/06/2017,7.490,7.450,7.520,7.360,76.96M,0.94%,98191.97
06/07/2017,7.420,7.500,7.610,7.400,100.22M,-0.93%,98331.54
06/08/2017,7.330,7.460,7.470,7.310,61.32M,-1.21%,97616.52
06/09/2017,7.390,7.350,7.460,7.350,52.82M,0.82%,97977.54
06/12/2017,7.380,7.410,7.480,7.340,48.41M,-0.14%,98942.87
06/13/2017,7.310,7.430,7.440,7.240,70.63M,-0.95%,99442.11
06/14/2017,7.440,7.330,7.450,7.310,65.36M,1.78%,99299.67
06/15/2017,7.360,7.430,7.470,7.330,42.63M,-1.08%,99636.27
06/16/2017,7.270,7.380,7.430,7.270,39.24M,-1.22%,98737.01
06/19/2017,7.450,7.330,7.450,7.330,42.09M,2.48%,98192.55
06/20/2017,7.410,7.500,7.510,7.360,46.14M,-0.54%,99332.13
06/21/2017,7.450,7.420,7.480,7.370,42.14M,0.54%,99269.27
06/22/2017,7.600,7.500,7.600,7.490,48.06M,2.01%,99390.12
06/23/2017,7.770,7.620,7.770,7.580,49.70M,2.24%,100072.15
06/28/2017,7.990,7.750,8.030,7.740,80.71M,2.83%,99638.65
06/29/2017,7.810,8.020,8.130,7.760,96.47M,-2.25%,100617.69
06/30/2017,8.050,7.840,8.070,7.840,74.05M,3.07%,100190.32
07/03/2017,8.060,8.100,8.160,8.060,52.68M,0.12%,100440.39
07/04/2017,8.350,8.170,8.380,8.130,123.67M,3.60%,100522.30
07/05/2017,8.230,8.380,8.390,8.210,62.35M,-1.44%,101207.79
07/06/2017,8.310,8.230,8.370,8.170,90.36M,0.97%,100744.45
07/07/2017,8.380,8.320,8.490,8.310,83.31M,0.84%,100627.01
07/10/2017,8.670,8.460,8.680,8.450,92.01M,3.46%,100084.37
07/11/2017,8.620,8.700,8.760,8.560,94.61M,-0.58%,101097.16
07/12/2017,8.600,8.670,8.700,8.570,55.71M,-0.23%,103182.64
07/13/2017,8.760,8.620,8.800,8.610,64.69M,1.86%,103809.78
07/14/2017,8.830,8.820,8.870,8.750,55.51M,0.80%,104210.22
07/17/2017,8.940,8.860,8.950,8.840,54.40M,1.25%,105175.73
07/18/2017,8.860,8.930,8.940,8.800,61.62M,-0.89%,106217.00
07/19/2017,8.960,8.910,9.010,8.910,80.53M,1.13%,105718.31
07/20/2017,8.740,9.000,9.010,8.720,104.79M,-2.46%,107417.52
07/21/2017,8.840,8.690,8.860,8.610,98.55M,1.14%,106735.56
07/24/2017,8.840,8.870,8.950,8.840,56.44M,0.00%,106842.79
07/25/2017,8.790,8.890,8.900,8.760,49.25M,-0.57%,106710.52
07/26/2017,8.690,8.780,8.840,8.690,40.59M,-1.14%,107040.67
07/27/2017,8.780,8.760,8.820,8.740,50.83M,1.04%,107206.16
07/28/2017,8.660,8.750,8.750,8.620,52.58M,-1.37%,108391.71
07/31/2017,8.830,8.690,8.830,8.680,51.91M,1.96%,107699.72
08/01/2017,8.640,8.860,8.890,8.640,55.09M,-2.15%,107531.44
08/02/2017,8.660,8.660,8.740,8.630,53.27M,0.23%,106147.43
08/03/2017,8.670,8.690,8.720,8.620,53.28M,0.12%,106525.44
08/04/2017,8.870,8.680,8.870,8.680,65.36M,2.31%,107153.78
08/07/2017,9.070,8.960,9.070,8.950,59.80M,2.25%,108545.31
08/08/2017,9.050,9.090,9.100,9.010,46.05M,-0.22%,109781.13
08/09/2017,8.920,9.020,9.020,8.890,42.70M,-1.44%,109639.12
08/10/2017,8.840,8.940,9.000,8.840,34.59M,-0.90%,108714.58
08/11/2017,9.000,8.890,9.000,8.730,76.73M,1.81%,107800.42
08/14/2017,9.500,9.060,9.560,9.050,122.90M,5.56%,106963.10
08/15/2017,9.280,9.550,9.700,9.170,102.50M,-2.32%,109537.36
08/16/2017,9.300,9.290,9.460,9.080,103.49M,0.22%,106913.26
08/17/2017,9.300,9.410,9.430,9.290,72.93M,0.00%,106861.99
08/18/2017,9.260,9.200,9.300,9.130,47.58M,-0.43%,106825.33
08/21/2017,9.390,9.230,9.400,9.230,44.47M,1.40%,107202.43
08/22/2017,9.560,9.430,9.610,9.320,90.02M,1.81%,108614.87
08/23/2017,9.460,9.560,9.610,9.450,62.49M,-1.05%,108594.45
08/24/2017,9.520,9.470,9.690,9.470,79.18M,0.63%,108952.73
08/25/2017,9.660,9.600,9.720,9.590,66.51M,1.47%,109153.91
08/28/2017,9.880,9.700,9.890,9.700,64.79M,2.28%,109755.14
08/29/2017,9.770,9.880,9.880,9.710,47.38M,-1.11%,110339.99
08/31/2017,9.760,9.780,9.800,9.750,11.52M,-0.10%,110423.11
09/05/2017,9.710,9.820,9.900,9.700,47.21M,-0.51%,110010.49
09/06/2017,9.830,9.720,9.850,9.700,45.48M,1.24%,108872.99
09/07/2017,10.040,9.820,10.050,9.800,85.07M,2.14%,109611.79
09/08/2017,9.890,10.070,10.090,9.850,48.89M,-1.49%,109742.95
09/11/2017,10.230,9.970,10.240,9.940,84.39M,3.44%,108451.70
09/12/2017,10.470,10.250,10.540,10.130,114.03M,2.35%,109458.01
09/13/2017,10.030,10.410,10.410,10.030,61.00M,-4.20%,109129.65
09/14/2017,9.920,10.030,10.130,9.880,56.40M,-1.10%,108155.53
09/15/2017,9.810,9.930,10.040,9.800,65.61M,-1.11%,108244.22
09/18/2017,9.270,9.850,9.870,9.260,104.65M,-5.50%,107741.70
09/19/2017,9.210,9.270,9.530,9.070,109.89M,-0.65%,106534.60
09/20/2017,9.320,9.300,9.390,9.060,97.55M,1.19%,104917.77
09/21/2017,9.240,9.250,9.420,9.220,79.62M,-0.86%,105323.67
09/22/2017,9.380,9.300,9.380,9.220,71.63M,1.52%,104001.20
09/25/2017,8.770,9.300,9.320,8.770,122.91M,-6.50%,104122.85
09/26/2017,9.000,8.900,9.070,8.780,110.74M,2.62%,102270.17
09/27/2017,8.600,8.990,9.040,8.540,115.26M,-4.44%,103929.33
09/28/2017,8.910,8.640,8.940,8.620,101.14M,3.60%,101218.30
09/29/2017,8.750,8.950,8.970,8.730,91.10M,-1.80%,102651.10
10/02/2017,9.060,8.770,9.070,8.760,75.13M,3.54%,102907.73
10/03/2017,8.940,9.070,9.110,8.880,88.41M,-1.32%,103930.67
10/04/2017,9.180,9.020,9.270,9.010,132.05M,2.68%,103907.57
10/05/2017,9.140,9.190,9.270,9.080,67.63M,-0.44%,104547.86
10/06/2017,9.290,9.140,9.300,9.070,95.89M,1.64%,104334.31
10/09/2017,8.430,8.270,8.680,8.270,230.92M,-9.26%,104137.48
10/10/2017,8.660,8.690,8.720,8.560,156.43M,2.73%,101298.00
10/11/2017,8.850,8.640,9.010,8.580,259.40M,2.19%,103394.00
10/12/2017,9.130,9.080,9.130,8.980,126.38M,3.16%,103816.04
10/13/2017,9.150,9.130,9.240,9.080,133.90M,0.22%,105932.25
10/16/2017,9.350,9.230,9.350,9.200,114.21M,2.19%,106225.69
10/17/2017,9.490,9.360,9.580,9.350,94.94M,1.50%,106474.46
10/18/2017,9.600,9.580,9.640,9.500,91.94M,1.16%,106990.87
10/19/2017,9.940,9.630,9.950,9.600,113.20M,3.54%,106926.39
10/20/2017,9.880,9.990,10.200,9.840,147.75M,-0.60%,108433.55
10/23/2017,9.880,9.860,10.080,9.740,125.37M,0.00%,108488.69
10/24/2017,9.880,9.980,10.060,9.880,113.61M,0.00%,107303.25
10/25/2017,10.040,9.900,10.100,9.900,91.85M,1.62%,107206.31
10/26/2017,9.870,10.080,10.190,9.870,109.08M,-1.69%,108354.83
10/27/2017,10.100,9.890,10.110,9.880,103.10M,2.33%,107334.78
10/30/2017,10.210,10.270,10.340,10.150,84.95M,1.09%,107884.03
10/31/2017,10.380,10.250,10.470,10.230,89.56M,1.67%,108466.78
11/01/2017,10.510,10.430,10.670,10.410,116.43M,1.25%,110142.60
11/02/2017,10.460,10.630,10.660,10.400,62.68M,-0.48%,113024.27
11/03/2017,10.430,10.460,10.600,10.310,73.82M,-0.29%,112994.86
11/06/2017,11.050,10.530,11.600,10.490,134.70M,5.94%,111292.78
11/07/2017,10.580,11.050,11.160,10.580,153.53M,-4.25%,114165.67
11/08/2017,10.550,10.700,10.760,10.220,160.74M,-0.28%,112271.86
11/09/2017,10.510,10.830,10.860,10.380,150.39M,-0.38%,111894.54
11/10/2017,10.010,10.540,10.570,9.960,136.75M,-4.76%,110246.46
11/13/2017,9.790,10.060,10.090,9.630,166.29M,-2.20%,108949.35
11/14/2017,10.440,9.770,10.500,9.740,165.19M,6.64%,108859.62
11/15/2017,10.100,10.450,10.690,9.860,173.99M,-3.26%,110148.45
11/16/2017,10.100,10.130,10.320,9.940,92.24M,0.00%,107716.51
11/17/2017,10.460,10.200,10.500,10.010,131.10M,3.56%,106976.67
11/20/2017,10.270,10.470,10.480,10.080,101.80M,-1.82%,106239.46
11/21/2017,10.800,10.200,10.810,10.170,154.08M,5.16%,103911.94
11/22/2017,11.100,10.790,11.190,10.630,163.66M,2.78%,105267.80
11/23/2017,11.250,11.130,11.290,11.000,107.53M,1.35%,105963.60
11/24/2017,11.390,11.180,11.600,11.150,124.41M,1.24%,105026.11
11/27/2017,11.840,11.430,12.010,11.380,144.81M,3.95%,104539.41
11/28/2017,11.180,11.850,12.230,11.180,174.75M,-5.57%,104759.74
11/29/2017,11.900,11.200,12.000,11.190,166.64M,6.44%,102068.03
11/30/2017,12.260,12.150,12.390,12.040,115.46M,3.03%,102341.83
12/01/2017,12.500,12.310,12.550,12.170,64.21M,1.96%,103984.39
12/04/2017,12.720,12.540,12.740,12.520,63.25M,1.76%,103558.98
12/05/2017,12.800,12.790,12.820,12.250,94.02M,0.63%,105214.87
12/06/2017,12.730,12.840,12.840,12.570,49.29M,-0.55%,106259.99
12/07/2017,13.310,12.750,13.350,12.690,84.19M,4.56%,105303.94
12/08/2017,13.590,13.380,13.630,13.320,65.72M,2.10%,106447.54
12/11/2017,13.420,13.670,13.760,13.370,64.23M,-1.25%,107921.34
12/12/2017,13.900,13.420,14.030,13.250,74.16M,3.58%,109156.47
12/13/2017,13.650,13.910,13.970,13.640,39.73M,-1.80%,109049.50
12/14/2017,14.410,13.780,14.510,13.770,84.54M,5.57%,108153.16
12/15/2017,14.260,14.470,14.530,14.180,53.05M,-1.04%,109666.44
12/18/2017,14.630,14.360,14.740,14.360,51.81M,2.59%,109330.17
12/19/2017,14.890,14.680,14.890,14.590,54.60M,1.78%,110247.89
12/20/2017,15.150,14.890,15.150,14.820,39.64M,1.75%,110177.11
12/21/2017,15.440,15.210,15.650,14.900,83.62M,1.91%,110454.67
12/22/2017,15.150,15.700,15.770,15.080,57.20M,-1.88%,111271.95
12/25/2017,15.000,15.250,15.330,14.720,37.64M,-0.99%,111099.47
12/26/2017,15.120,15.090,15.140,14.890,22.52M,0.80%,111765.00
12/27/2017,15.380,15.110,15.440,14.770,53.43M,1.72%,112006.65
12/28/2017,15.720,15.430,15.820,15.420,59.21M,2.21%,112149.71
12/29/2017,15.690,15.750,15.990,15.550,40.90M,-0.19%,114480.45
01/02/2018,16.080,15.790,16.180,15.670,44.25M,2.49%,115333.01
01/03/2018,16.200,16.050,16.230,15.920,40.10M,0.75%,117524.20
01/04/2018,16.290,16.200,16.510,16.180,54.11M,0.56%,116052.15
01/05/2018,16.330,16.440,16.550,16.180,55.52M,0.25%,115491.19
01/08/2018,16.290,16.530,16.550,16.290,28.14M,-0.24%,116637.94
01/09/2018,16.100,16.290,16.450,16.100,34.73M,-1.17%,116304.51
01/10/2018,15.250,16.100,16.100,15.250,68.64M,-5.28%,115022.81
01/11/2018,15.660,15.380,15.660,15.060,63.82M,2.69%,113589.45
01/12/2018,15.500,15.750,15.930,15.480,49.18M,-1.02%,114718.80
01/15/2018,14.630,15.270,15.550,14.620,49.86M,-5.61%,114644.62
01/16/2018,15.500,14.620,15.500,14.580,80.25M,5.95%,112159.21
01/17/2018,15.450,15.530,15.750,15.340,64.20M,-0.32%,114418.36
01/18/2018,15.360,15.600,15.620,15.320,48.99M,-0.58%,116592.51
01/19/2018,14.990,15.360,15.560,14.950,45.92M,-2.41%,116856.02
01/22/2018,15.410,15.160,15.440,15.120,38.89M,2.80%,115147.06
01/23/2018,15.620,15.500,15.830,15.490,54.49M,1.36%,117235.47
01/24/2018,15.510,15.650,15.770,15.350,38.60M,-0.70%,118400.06
01/25/2018,15.190,15.520,15.630,15.100,38.02M,-2.06%,119648.37
01/26/2018,15.410,15.340,15.460,15.080,36.00M,1.45%,118604.05
01/29/2018,15.660,15.680,15.720,15.400,38.26M,1.62%,120701.92
01/30/2018,15.700,15.530,15.810,15.480,56.13M,0.26%,120845.29
01/31/2018,16.480,15.770,16.480,15.720,77.19M,4.97%,119303.10
02/01/2018,16.780,16.590,17.070,16.560,61.66M,1.82%,119528.79
02/02/2018,16.630,16.850,16.970,16.620,37.64M,-0.89%,119044.38
02/05/2018,17.310,16.500,17.350,16.330,87.68M,4.09%,118119.40
02/06/2018,17.130,16.910,17.450,16.480,84.42M,-1.04%,116852.68
02/07/2018,16.660,17.300,17.430,16.580,61.48M,-2.74%,115457.30
02/08/2018,16.150,16.750,16.900,16.150,41.63M,-3.06%,115570.19
02/09/2018,16.910,15.990,17.020,15.850,87.39M,4.71%,114263.53
02/12/2018,17.180,17.080,17.520,17.000,63.06M,1.60%,113590.27
02/13/2018,16.900,17.350,17.400,16.880,46.38M,-1.63%,114821.60
02/14/2018,16.510,17.090,17.120,16.440,50.02M,-2.31%,114494.50
02/15/2018,17.220,16.790,17.280,16.790,53.99M,4.30%,113454.95
02/16/2018,17.310,17.310,17.440,17.130,40.46M,0.52%,116225.60
02/19/2018,17.180,17.240,17.420,17.030,40.59M,-0.75%,116510.97
02/20/2018,16.700,17.280,17.290,16.700,48.59M,-2.79%,115881.96
02/21/2018,17.650,17.070,17.690,16.980,77.52M,5.69%,113432.85
02/22/2018,17.690,17.670,17.930,17.570,50.28M,0.23%,116315.98
02/23/2018,18.270,17.810,18.270,17.760,69.20M,3.28%,116840.94
02/26/2018,18.920,18.440,19.000,18.180,53.08M,3.56%,117521.50
02/27/2018,18.660,18.920,18.920,18.580,37.59M,-1.37%,118791.91
02/28/2018,19.070,18.580,19.070,18.550,50.71M,2.20%,118831.60
03/01/2018,19.540,19.080,19.560,18.870,62.05M,2.46%,118950.76
03/02/2018,18.750,19.480,19.570,18.650,55.28M,-4.04%,117632.07
03/05/2018,18.730,18.810,19.110,18.650,33.89M,-0.11%,116859.19
03/06/2018,17.200,18.440,18.440,17.070,148.83M,-8.17%,116946.22
03/07/2018,17.370,17.220,17.620,17.100,102.07M,0.99%,116709.93
03/08/2018,16.870,17.480,17.540,16.850,70.09M,-2.88%,116842.44
03/09/2018,16.700,16.940,17.130,16.660,55.37M,-1.01%,116567.08
03/12/2018,17.540,16.860,17.570,16.800,85.46M,5.03%,116914.52
03/13/2018,18.000,17.550,18.110,17.370,85.47M,2.62%,118411.44
03/14/2018,18.350,18.050,18.670,18.010,81.13M,1.94%,118266.86
03/15/2018,18.170,18.450,18.600,18.090,54.12M,-0.98%,117592.67
03/16/2018,18.290,18.240,18.420,18.120,41.58M,0.66%,117201.54
03/19/2018,17.880,18.320,18.340,17.790,38.84M,-2.24%,117216.28
03/20/2018,18.860,18.010,18.860,17.910,97.35M,5.48%,115450.26
03/21/2018,18.900,18.950,19.030,18.740,53.94M,0.21%,116431.78
03/22/2018,18.800,19.040,19.150,18.780,49.98M,-0.53%,117651.30
03/23/2018,18.870,18.450,18.950,18.390,39.24M,0.37%,117110.25
03/26/2018,19.210,19.000,19.550,18.980,77.13M,1.80%,116602.82
03/27/2018,18.940,19.600,19.600,18.900,47.08M,-1.41%,116420.34
03/28/2018,18.580,18.940,19.140,18.390,57.51M,-1.90%,116196.54
03/29/2018,19.410,18.650,19.410,18.570,62.38M,4.47%,114129.30
03/30/2018,19.110,19.450,19.660,19.050,48.41M,-1.55%,114844.56
04/02/2018,19.040,19.180,19.240,19.000,25.58M,-0.37%,114930.22
04/03/2018,19.430,19.090,19.660,19.020,78.16M,2.05%,114442.10
04/04/2018,19.360,19.470,19.530,19.110,48.11M,-0.36%,114594.06
04/05/2018,19.460,19.400,19.620,19.110,56.33M,0.52%,113975.62
04/06/2018,19.670,19.410,19.840,19.380,61.32M,1.08%,114947.58
04/09/2018,19.770,19.800,20.020,19.470,50.33M,0.51%,114737.54
04/10/2018,19.220,19.870,19.890,18.890,65.19M,-2.78%,113156.08
04/11/2018,18.600,19.130,19.530,17.450,101.85M,-3.23%,110712.70
04/12/2018,18.590,18.600,18.870,18.000,78.61M,-0.05%,109253.20
04/13/2018,18.260,18.710,18.760,18.100,46.99M,-1.78%,110235.41
04/16/2018,19.150,18.340,19.150,18.340,56.15M,4.87%,109604.01
04/17/2018,18.200,19.300,19.460,18.010,103.69M,-4.96%,110687.74
04/18/2018,19.050,18.200,19.060,17.780,124.35M,4.67%,108744.79
04/19/2018,18.870,19.060,19.080,18.640,64.05M,-0.94%,112099.01
04/20/2018,18.250,18.850,18.850,18.080,64.73M,-3.29%,112122.15
04/24/2018,17.520,18.220,18.280,17.450,65.31M,-4.00%,110932.48
04/25/2018,17.250,17.590,17.940,16.860,91.34M,-1.54%,110058.62
04/26/2018,17.060,17.330,17.470,16.890,62.96M,-1.10%,107401.38
04/27/2018,17.420,17.160,17.600,16.980,76.62M,2.11%,107015.13
04/30/2018,16.710,17.500,17.550,16.620,43.94M,-4.08%,107614.27
05/02/2018,17.080,16.720,17.080,16.570,76.79M,2.21%,104282.78
05/03/2018,16.750,17.080,17.080,16.680,47.51M,-1.93%,104725.74
05/04/2018,16.500,16.760,16.990,16.430,64.82M,-1.49%,102909.13
05/07/2018,16.580,16.500,16.810,16.370,45.24M,0.48%,102599.22
05/08/2018,16.020,16.670,16.710,15.960,45.12M,-3.38%,100866.24
05/09/2018,16.500,15.970,16.620,15.460,63.53M,3.00%,99363.79
05/10/2018,16.470,16.920,17.060,16.370,65.20M,-0.18%,100780.57
05/11/2018,16.300,16.450,16.600,16.300,34.48M,-1.03%,102380.68
05/14/2018,16.800,16.330,16.920,16.270,41.40M,3.07%,101852.48
05/15/2018,16.700,16.660,16.830,16.430,35.65M,-0.60%,103370.42
05/16/2018,16.500,16.700,16.840,16.490,35.33M,-1.20%,101540.39
05/17/2018,16.250,16.560,16.660,16.220,30.48M,-1.52%,102157.88
05/18/2018,16.350,16.330,16.500,16.160,21.41M,0.62%,101869.35
05/21/2018,16.900,16.280,16.920,16.240,45.04M,3.36%,102410.30
05/22/2018,16.750,17.000,17.040,16.550,39.61M,-0.89%,102257.65
05/23/2018,16.660,16.660,16.780,16.390,38.61M,-0.54%,103327.74
05/24/2018,15.660,16.900,16.930,15.630,54.70M,-6.00%,101891.68
05/25/2018,16.580,15.950,16.620,15.560,74.55M,5.87%,101138.08
05/28/2018,17.550,16.890,17.550,16.830,62.35M,5.85%,103200.08
05/29/2018,17.460,17.530,17.580,17.270,37.89M,-0.51%,106525.25
05/30/2018,17.320,17.480,17.640,17.280,37.66M,-0.80%,105113.38
05/31/2018,16.650,17.410,17.490,16.390,50.95M,-3.87%,103869.02
06/01/2018,16.550,16.690,16.750,16.340,32.96M,-0.60%,100652.27
06/04/2018,16.300,16.550,16.730,16.230,32.77M,-1.51%,99171.21
06/05/2018,16.000,16.390,16.520,15.900,28.73M,-1.84%,99249.80
06/06/2018,15.270,16.100,16.130,15.070,57.35M,-4.56%,97823.15
06/07/2018,15.150,15.210,15.530,14.970,59.64M,-0.79%,96657.71
06/08/2018,13.470,15.100,15.100,13.460,100.12M,-11.09%,98623.65
06/11/2018,14.070,13.480,14.210,12.750,126.83M,4.45%,95875.71
06/12/2018,13.250,14.030,14.030,13.110,79.05M,-5.83%,96661.36
06/13/2018,12.850,13.120,13.560,12.780,67.33M,-3.02%,95306.98
06/14/2018,12.860,12.890,13.070,12.640,32.40M,0.08%,93504.76
06/18/2018,12.520,12.940,12.940,12.490,37.52M,-2.64%,94540.84
06/19/2018,12.840,12.380,13.010,12.300,70.52M,2.56%,93043.28
06/20/2018,12.640,12.820,13.050,12.590,70.39M,-1.56%,94436.87
06/21/2018,12.960,12.600,13.070,12.600,64.89M,2.53%,94551.86
06/22/2018,12.900,13.040,13.070,12.620,56.03M,-0.46%,95057.23
06/25/2018,12.600,14.100,14.100,12.390,100.61M,-2.33%,95852.11
06/26/2018,12.980,12.610,13.000,12.530,70.32M,3.02%,94008.29
06/27/2018,13.780,12.990,13.830,12.840,103.95M,6.16%,94408.19
06/28/2018,13.660,13.750,13.970,13.510,94.61M,-0.87%,95954.80
06/29/2018,13.540,13.800,13.940,13.430,59.38M,-0.88%,96226.99
07/02/2018,13.990,13.480,14.020,13.430,84.80M,3.32%,96520.07
07/03/2018,13.800,14.000,14.010,13.710,77.44M,-1.36%,96773.49
07/04/2018,13.910,13.820,13.960,13.770,51.56M,0.80%,96588.20
07/05/2018,14.370,13.950,14.440,13.940,103.02M,3.31%,97230.07
07/06/2018,14.420,14.400,14.580,14.200,80.43M,0.35%,99097.00
07/09/2018,15.010,14.670,15.280,14.630,116.98M,4.09%,98733.89
07/10/2018,14.300,14.650,14.970,13.970,142.70M,-4.73%,99252.84
07/11/2018,13.550,14.150,14.440,13.500,119.11M,-5.24%,96274.69
07/12/2018,14.280,13.690,14.290,13.570,148.64M,5.39%,91289.47
07/13/2018,14.670,14.320,14.750,14.120,97.75M,2.73%,89571.25
07/16/2018,15.110,14.830,15.190,14.670,108.66M,3.00%,89897.67
07/17/2018,15.900,15.120,15.980,15.080,108.93M,5.23%,89744.01
07/18/2018,16.080,15.910,16.460,15.450,150.47M,1.13%,91629.55
07/19/2018,16.070,16.230,16.370,15.970,85.48M,-0.06%,92321.95
07/20/2018,16.060,16.160,16.250,16.020,58.27M,-0.06%,93002.93
07/23/2018,16.560,16.300,16.720,16.180,97.41M,3.11%,94082.34
07/24/2018,15.900,16.630,16.630,15.650,95.75M,-3.99%,95305.15
07/25/2018,17.120,16.030,18.190,15.970,117.08M,7.67%,92133.82
07/26/2018,16.450,17.150,17.190,15.950,79.66M,-3.91%,95368.59
07/27/2018,16.700,16.450,16.810,16.110,99.06M,1.52%,94817.26
07/30/2018,16.790,16.580,17.010,16.510,67.95M,0.54%,95584.84
07/31/2018,17.280,16.790,17.280,16.720,83.11M,2.92%,96157.74
08/01/2018,17.110,17.340,17.520,17.080,73.61M,-0.98%,96952.23
08/02/2018,16.850,16.690,17.060,16.500,79.24M,-1.52%,97210.57
08/03/2018,17.410,16.880,17.430,16.880,80.36M,3.32%,94543.27
08/06/2018,17.000,17.410,17.430,16.890,67.82M,-2.35%,95610.48
08/07/2018,17.240,17.140,17.520,17.120,106.84M,1.41%,94173.97
08/08/2018,17.360,17.350,17.420,17.220,64.88M,0.70%,96161.04
08/09/2018,17.350,16.890,17.930,16.760,153.82M,-0.06%,96973.85
08/10/2018,17.030,17.150,17.780,15.850,129.09M,-1.84%,97185.13
08/13/2018,16.550,16.940,17.320,16.270,114.85M,-2.82%,94939.63
08/14/2018,17.200,17.120,17.390,17.020,64.12M,3.93%,92684.55
08/15/2018,15.890,17.670,17.700,15.770,109.81M,-7.62%,93418.65
08/16/2018,15.520,16.160,16.340,15.390,67.52M,-2.33%,90262.95
08/17/2018,15.370,15.370,15.450,13.990,97.67M,-0.97%,87143.21
08/20/2018,16.000,15.430,16.110,15.340,24.12M,4.10%,88734.76
08/27/2018,16.480,16.260,16.660,16.220,52.44M,3.00%,90185.99
08/28/2018,16.770,16.530,16.810,16.450,53.69M,1.76%,91284.04
08/29/2018,16.560,16.610,16.760,16.430,44.54M,-1.25%,93866.94
08/31/2018,16.280,16.560,16.610,16.240,30.88M,-1.69%,93280.71
09/03/2018,17.110,16.250,17.140,16.190,60.56M,5.10%,92723.40
09/04/2018,16.970,17.130,17.190,16.650,49.74M,-0.82%,93915.55
09/05/2018,17.200,16.970,17.320,16.830,54.12M,1.36%,93189.27
09/06/2018,17.060,17.220,17.390,17.060,36.76M,-0.81%,92790.99
09/07/2018,17.150,17.130,17.330,16.970,42.85M,0.53%,92763.31
09/10/2018,17.000,17.160,17.410,17.000,32.03M,-0.87%,93274.15
09/11/2018,17.950,17.040,17.970,17.040,62.32M,5.59%,91698.34
09/12/2018,18.000,18.010,18.740,17.820,87.03M,0.28%,92389.11
09/13/2018,18.190,18.040,18.260,17.190,114.13M,1.06%,92227.37
09/14/2018,17.730,18.350,18.420,17.730,62.62M,-2.53%,94419.15
09/17/2018,17.660,17.630,17.860,17.450,42.57M,-0.39%,94759.64
09/18/2018,18.200,17.740,18.240,17.730,60.04M,3.06%,94347.66
09/19/2018,18.400,18.320,18.520,18.230,42.30M,1.10%,94886.87
09/20/2018,18.120,18.450,18.520,18.050,47.73M,-1.52%,96603.75
09/21/2018,18.530,18.160,18.530,18.160,48.79M,2.26%,96121.10
09/24/2018,19.190,18.590,19.340,18.360,94.24M,3.56%,97988.16
09/25/2018,18.840,19.270,19.350,18.810,51.62M,-1.82%,99547.44
09/26/2018,19.220,19.000,19.220,18.930,33.30M,2.02%,99292.47
09/27/2018,19.100,19.210,19.540,19.080,58.94M,-0.62%,99148.85
09/28/2018,19.090,19.200,19.270,19.010,35.15M,-0.05%,100298.73
10/01/2018,18.620,19.110,19.210,18.610,36.04M,-2.46%,99956.90
10/02/2018,18.080,18.630,18.770,18.000,44.93M,-2.90%,98537.15
10/03/2018,17.740,18.080,18.370,17.730,44.67M,-1.88%,98160.73
10/04/2018,17.080,17.720,17.830,17.080,42.76M,-3.72%,97187.87
10/05/2018,17.570,17.080,17.640,17.060,43.68M,2.87%,94496.80
10/08/2018,17.830,17.470,17.870,17.350,42.61M,1.48%,94883.47
10/09/2018,17.570,17.890,18.030,17.410,50.24M,-1.46%,96087.27
10/10/2018,16.700,17.650,17.680,16.670,40.09M,-4.95%,96731.76
10/11/2018,16.500,16.550,16.860,16.310,41.13M,-1.20%,94440.69
10/12/2018,17.490,16.750,17.490,16.390,74.23M,6.00%,94747.53
10/15/2018,18.080,17.780,18.130,17.650,55.94M,3.37%,96657.42
10/16/2018,17.430,17.630,18.020,17.370,58.01M,-3.60%,98631.27
10/17/2018,16.550,17.530,17.610,16.370,82.99M,-5.05%,98466.42
10/18/2018,16.550,16.560,16.910,16.450,59.51M,0.00%,98991.01
10/19/2018,16.190,16.640,16.700,16.000,64.10M,-2.18%,97453.96
10/22/2018,15.720,16.350,16.410,15.550,59.33M,-2.90%,96454.57
10/23/2018,15.530,15.490,15.720,15.090,58.17M,-1.21%,94681.70
10/24/2018,15.540,15.650,15.910,15.500,50.24M,0.06%,93468.99
10/25/2018,15.940,15.400,15.940,15.310,46.87M,2.57%,92692.17
10/26/2018,15.460,15.940,15.970,15.360,43.55M,-3.01%,93747.65
10/30/2018,14.600,15.500,15.580,14.370,86.90M,-5.56%,90541.53
10/31/2018,14.050,14.730,14.760,13.980,64.39M,-3.77%,89999.90
11/01/2018,14.600,14.080,14.680,13.850,64.98M,3.91%,90200.71
11/02/2018,15.230,14.650,15.600,14.340,83.44M,4.32%,92387.41
11/05/2018,15.280,15.250,15.430,15.080,46.85M,0.33%,94123.02
11/06/2018,14.720,15.290,15.450,14.720,59.39M,-3.66%,95947.73
11/07/2018,15.590,14.760,15.620,14.700,62.38M,5.91%,94727.67
11/08/2018,14.650,15.680,15.690,14.640,86.44M,-6.03%,95493.30
11/09/2018,15.170,14.650,15.240,14.500,60.85M,3.55%,93506.22
11/12/2018,14.780,15.170,15.240,14.780,36.81M,-2.57%,92839.21
11/13/2018,15.490,14.810,15.570,14.740,53.58M,4.80%,91445.28
11/14/2018,16.200,15.510,16.250,15.470,79.63M,4.58%,92708.56
11/15/2018,16.180,16.200,16.500,15.750,63.30M,-0.12%,93287.16
11/16/2018,15.970,16.290,16.500,15.900,49.60M,-1.30%,93296.84
11/19/2018,16.350,16.000,16.520,15.980,50.31M,2.38%,93616.45
11/20/2018,15.850,16.260,16.340,15.800,38.08M,-3.06%,94570.90
11/21/2018,16.400,16.060,16.440,16.010,48.79M,3.47%,91686.35
11/22/2018,16.290,16.430,16.430,16.030,34.78M,-0.67%,92707.95
11/23/2018,16.890,16.300,16.910,16.280,54.88M,3.68%,92628.80
11/26/2018,17.110,16.940,17.330,16.880,52.29M,1.30%,93003.27
11/27/2018,17.080,17.170,17.240,16.860,32.35M,-0.18%,93962.35
11/28/2018,17.230,17.150,17.350,17.100,36.75M,0.88%,93516.96
11/29/2018,16.950,17.330,17.420,16.880,41.43M,-1.63%,94070.97
11/30/2018,17.000,16.980,17.060,16.770,38.46M,0.29%,95125.57
12/03/2018,16.300,17.110,17.150,16.260,49.87M,-4.12%,95416.03
12/04/2018,15.960,16.300,16.630,15.850,54.49M,-2.09%,94974.45
12/05/2018,16.330,15.940,16.390,15.860,43.76M,2.32%,93880.49
12/06/2018,16.390,16.240,16.490,16.030,37.45M,0.37%,93970.16
12/07/2018,16.190,16.490,16.580,16.050,42.60M,-1.22%,92827.29
12/10/2018,16.100,16.170,16.360,16.080,25.70M,-0.56%,93699.49
12/11/2018,15.960,16.180,16.250,15.890,27.55M,-0.87%,92227.32
12/12/2018,15.250,16.010,16.130,15.230,41.21M,-4.45%,91800.86
12/13/2018,15.400,15.300,15.500,15.290,25.64M,0.98%,90051.10
12/14/2018,14.960,15.300,15.340,14.760,36.54M,-2.86%,91386.52
12/17/2018,14.690,15.030,15.130,14.690,28.28M,-1.80%,90528.64
12/18/2018,15.410,14.690,15.440,14.690,39.49M,4.90%,89961.91
12/19/2018,16.170,15.660,16.220,15.580,46.82M,4.93%,91074.11
12/20/2018,16.370,15.980,16.400,15.740,62.71M,1.24%,92552.71
12/21/2018,16.330,16.360,16.580,16.070,45.14M,-0.24%,91854.08
12/24/2018,16.160,16.410,16.520,16.150,23.77M,-1.04%,91860.75
12/25/2018,16.180,16.180,16.370,16.100,17.78M,0.12%,91526.90
12/26/2018,16.160,16.270,16.300,16.140,14.33M,-0.12%,90829.57
12/27/2018,16.250,16.250,16.410,16.200,31.57M,0.56%,91002.17
12/28/2018,16.010,16.300,16.330,15.870,25.53M,-1.48%,90974.79
12/31/2018,16.110,16.060,16.130,15.910,13.25M,0.62%,90435.33
01/02/2019,15.720,16.130,16.250,15.650,49.97M,-2.42%,91270.48
01/03/2019,15.140,15.610,16.000,15.090,62.33M,-3.69%,88865.01
01/04/2019,15.110,15.350,15.450,14.820,53.48M,-0.20%,87399.02
01/07/2019,15.060,15.250,15.380,14.960,48.86M,-0.33%,88830.82
01/08/2019,15.110,15.130,15.170,14.860,34.60M,0.33%,89951.09
01/09/2019,14.950,15.170,15.180,14.890,33.55M,-1.06%,90696.97
01/10/2019,14.960,14.980,15.310,14.910,63.71M,0.07%,91156.88
01/11/2019,15.080,15.040,15.230,15.000,45.83M,0.80%,91196.31
01/14/2019,15.030,14.920,15.090,14.850,41.74M,-0.33%,91687.04
01/15/2019,14.590,15.110,15.170,14.560,85.56M,-2.93%,92053.84
01/16/2019,14.390,14.670,14.750,14.140,97.82M,-1.37%,93173.27
01/17/2019,14.170,14.400,14.690,14.170,114.03M,-1.53%,95411.49
01/18/2019,14.440,14.230,14.600,14.190,95.36M,1.91%,96817.36
01/21/2019,14.540,14.510,14.960,14.490,109.24M,0.69%,98454.88
01/22/2019,14.400,14.580,14.690,14.260,81.49M,-0.96%,97955.16
01/23/2019,14.690,14.470,14.770,14.380,94.16M,2.01%,99677.11
01/24/2019,14.760,14.770,14.890,14.630,61.87M,0.48%,100141.04
01/25/2019,14.670,14.820,14.880,14.640,47.56M,-0.61%,101774.29
01/28/2019,15.060,14.680,15.150,14.680,111.00M,2.66%,101801.42
01/29/2019,15.200,15.110,15.240,15.070,63.97M,0.93%,101289.75
01/30/2019,15.810,15.240,15.850,15.070,109.37M,4.01%,104098.37
01/31/2019,15.420,16.000,16.170,15.160,91.78M,-2.47%,104189.45
02/01/2019,14.760,15.450,15.470,14.680,72.46M,-4.28%,104074.22
02/04/2019,14.950,14.770,15.120,14.760,54.54M,1.29%,102937.14
02/05/2019,14.510,15.020,15.100,14.430,71.74M,-2.94%,102255.01
02/06/2019,14.850,14.610,14.870,14.300,83.20M,2.34%,102448.42
02/07/2019,14.650,14.870,15.010,14.630,74.92M,-1.35%,102584.26
02/08/2019,14.710,14.640,14.790,14.550,50.85M,0.41%,102784.03
02/11/2019,15.240,14.820,15.240,14.770,73.86M,3.60%,102451.74
02/12/2019,14.450,15.280,15.290,14.410,94.54M,-5.18%,104394.73
02/13/2019,13.800,14.550,14.650,13.740,117.60M,-4.50%,103762.46
02/14/2019,14.160,13.830,14.600,13.350,153.89M,2.61%,101645.82
02/15/2019,13.690,14.150,14.180,13.580,101.39M,-3.32%,102129.99
02/18/2019,13.340,13.700,13.950,13.290,92.32M,-2.56%,102715.01
02/19/2019,13.340,13.290,13.570,13.240,67.71M,0.00%,101728.51
02/20/2019,13.430,13.400,13.520,13.350,66.90M,0.67%,101742.14
02/21/2019,13.640,13.460,13.750,13.420,63.60M,1.56%,101971.29
02/22/2019,14.120,13.730,14.210,13.690,74.87M,3.52%,102494.03
02/25/2019,14.030,14.230,14.510,13.970,76.13M,-0.64%,103185.70
02/26/2019,14.390,14.030,14.460,13.910,69.25M,2.57%,104330.06
02/27/2019,14.000,14.390,14.450,13.950,59.29M,-2.71%,105082.31
02/28/2019,14.140,14.120,14.280,14.020,67.41M,1.00%,104141.04
03/01/2019,13.970,14.170,14.220,13.870,43.71M,-1.20%,104529.93
03/04/2019,13.910,14.020,14.090,13.880,36.77M,-0.43%,103266.58
03/05/2019,14.270,13.800,14.360,13.730,118.14M,2.59%,104193.33
03/06/2019,14.110,14.330,14.460,14.080,75.64M,-1.12%,103730.59
03/07/2019,13.700,14.110,14.340,13.590,75.07M,-2.91%,103452.85
03/08/2019,13.210,13.740,13.830,13.040,96.51M,-3.58%,102282.68
03/11/2019,12.960,13.290,13.440,12.860,91.65M,-1.89%,101538.28
03/12/2019,13.100,13.100,13.150,12.890,64.00M,1.08%,100850.42
03/13/2019,12.760,13.060,13.110,12.710,83.58M,-2.60%,101721.05
03/14/2019,13.030,12.760,13.100,12.730,68.55M,2.12%,102196.57
03/15/2019,12.980,13.070,13.080,12.890,43.71M,-0.38%,102432.29
03/18/2019,13.970,13.300,13.980,13.250,114.52M,7.63%,103304.05
03/19/2019,14.200,13.970,14.420,13.850,132.55M,1.65%,104594.66
03/20/2019,14.220,14.210,14.370,14.140,78.97M,0.14%,104861.64
03/21/2019,14.140,14.290,14.600,13.980,105.04M,-0.56%,103310.21
03/22/2019,13.490,14.180,14.260,13.440,91.72M,-4.60%,103407.79
03/25/2019,14.060,13.510,14.100,13.080,98.85M,4.23%,99835.31
03/26/2019,13.480,14.130,14.260,13.360,79.06M,-4.13%,99325.92
03/27/2019,12.730,13.550,13.620,12.660,80.25M,-5.56%,97378.58
03/28/2019,12.600,12.730,13.170,12.410,127.51M,-1.02%,91855.14
03/29/2019,12.930,12.670,13.020,12.550,87.50M,2.62%,92120.33
04/01/2019,13.000,12.930,13.290,12.480,100.95M,0.54%,93784.18
04/02/2019,12.970,12.880,13.190,12.800,67.05M,-0.23%,94101.28
04/03/2019,13.400,13.050,13.410,13.050,72.82M,3.32%,93533.12
04/04/2019,14.310,13.370,14.330,13.340,108.97M,6.79%,94441.10
04/05/2019,14.550,14.400,14.590,14.180,101.65M,1.68%,98336.85
04/08/2019,14.160,14.550,14.660,14.050,77.05M,-2.68%,98783.36
04/09/2019,14.460,14.400,14.630,14.330,75.64M,2.12%,96978.32
04/10/2019,13.970,14.500,14.510,13.970,54.32M,-3.39%,98135.30
04/11/2019,14.030,14.000,14.210,13.790,71.74M,0.43%,97015.02
04/12/2019,13.890,13.920,14.060,13.820,46.74M,-1.00%,96072.99
04/15/2019,13.940,13.890,14.110,13.860,46.73M,0.36%,95976.82
04/16/2019,14.350,14.030,14.400,14.030,76.52M,2.94%,95191.67
04/17/2019,14.350,14.480,14.560,14.200,59.22M,0.00%,96809.00
04/18/2019,14.330,14.300,14.450,14.190,41.53M,-0.14%,98203.20
04/19/2019,14.150,14.360,14.430,14.150,31.06M,-1.26%,96886.48
04/22/2019,13.930,14.030,14.050,13.900,24.03M,-1.55%,96861.42
04/24/2019,14.040,13.930,14.240,13.930,50.11M,0.79%,95952.77
04/25/2019,13.730,14.080,14.110,13.630,53.83M,-2.21%,96142.18
04/26/2019,13.920,13.800,14.000,13.660,40.10M,1.38%,94498.54
04/29/2019,14.220,13.950,14.300,13.940,46.49M,2.16%,94783.14
04/30/2019,14.310,14.210,14.450,14.190,42.72M,0.63%,94535.10
05/02/2019,14.070,14.350,14.650,14.000,49.13M,-1.68%,95415.57
05/03/2019,13.900,14.100,14.150,13.850,36.57M,-1.21%,94179.37
05/06/2019,13.800,13.760,13.850,13.440,38.54M,-0.72%,93946.08
05/07/2019,13.520,13.400,13.700,13.350,44.74M,-2.03%,92982.27
05/08/2019,12.960,13.590,13.620,12.940,68.84M,-4.14%,91482.45
05/09/2019,12.460,12.980,13.160,12.430,70.10M,-3.86%,90272.19
05/10/2019,12.150,12.510,12.700,12.000,93.84M,-2.49%,88685.88
05/13/2019,12.360,12.190,12.430,11.820,90.45M,1.73%,88533.40
05/14/2019,12.500,12.400,12.530,12.130,73.07M,1.13%,86282.54
05/15/2019,12.100,12.550,12.570,11.920,89.01M,-3.20%,88022.94
05/16/2019,12.270,12.160,12.410,12.150,78.98M,1.40%,87380.43
05/17/2019,12.020,12.170,12.310,12.010,54.01M,-2.04%,87203.85
05/20/2019,12.090,12.000,12.170,11.920,52.31M,0.58%,86796.06
05/21/2019,11.710,12.130,12.190,11.620,62.49M,-3.14%,86771.47
05/22/2019,11.260,11.710,11.870,11.240,73.27M,-3.84%,85309.58
05/23/2019,11.800,11.220,11.820,11.220,84.36M,4.80%,83675.33
05/24/2019,11.960,11.850,12.210,11.720,79.00M,1.36%,84596.16
